{"cameraMode":{"drawMode":0,"name":"Shaded","section":"Shading Mode"},"sceneLighting":true,"audioPlay":false,"sceneViewState":{"m_AlwaysRefresh":false,"showFog":true,"showSkybox":true,"showFlares":true,"showImageEffects":true,"showParticleSystems":true,"showVisualEffectGraphs":true,"m_FxEnabled":true},"in2DMode":false,"pivot":{"x":60.32877731323242,"y":3.7657060623168947,"z":61.203773498535159},"rotation":{"x":-0.02578739821910858,"y":-0.9696767926216126,"z":0.21276895701885224,"w":-0.11751475930213928},"size":2.539496660232544,"orthographic":false}